,Manhattan,Staten Island,Brooklyn,Queens,Bronx,EWR
0,20693.60611793001,25528.287407576274,8593.419848134687,25295.802245912448,2468.3276759514256,8593.556862846604
1,14991.241625639821,18277.75734702166,6254.04693258035,18113.700431641002,1795.3490514014381,6253.451384657909
2,9552.931755551503,11540.403221579114,3896.6077000641376,11448.47053161007,1102.768522223303,3895.4267567783622
3,6044.871542992589,7478.772087180776,2471.229309452797,7425.447855731523,726.4067893278633,2469.8736844062755
4,5890.187968185443,7821.490470549783,2772.8766838861607,7730.169875633548,988.6670743311233,2771.8667961419515
5,9323.160005959087,12705.432645395878,4862.793274485691,12485.418912256433,1932.7692618378505,4862.504726927406
6,15031.471928578749,20301.870501291454,7901.533843226561,19898.89520441246,3208.444750831047,7902.004046970038
7,20772.775718020082,27669.261730922244,10588.548181688715,27101.174637434262,4244.947217330951,10589.481899504994
8,24614.835209169545,32361.85143662901,11933.023583616377,31709.398458327065,4612.541726832112,11934.001539741617
9,25944.85348496391,33706.56265483756,11807.211698547417,33062.668635625574,4301.263458694612,11807.962623062254
10,25567.887992539472,32888.86770358768,10899.697315382231,32302.914259109006,3698.9109670167395,10900.25241393185
11,24923.57213650685,31890.48844604389,10153.674576373141,31347.89795143764,3291.5471141589824,10154.314993715698
12,25089.50953850331,32146.50918397904,10147.331475241253,31595.005843916573,3329.79562383914,10148.387732747546
13,26289.475973046796,33873.3284195727,10851.838664783561,33270.755310217806,3713.0547404144263,10853.490640444346
14,28106.7952730129,36363.02837712733,11845.415180644835,35708.43085908924,4144.246285215176,11847.613818151889
15,30023.66158091991,38767.28326740008,12707.030703248178,38095.96205923121,4386.616007522005,12709.55829194423
16,31762.007831151666,40652.38869850694,13253.218064491259,40007.103338811896,4403.286085895039,13255.814381232669
17,33232.72060648799,41996.97191704967,13508.58952375689,41403.13800315329,4302.045155514397,13511.056294201691
18,34312.917944217246,42859.73797648457,13553.620539442953,42321.68113903715,4188.936439915518,13555.862458768219
19,34762.17641957699,43139.02302511259,13436.472755370918,42651.78734542401,4084.9039434642395,13438.48247665638
20,34337.53658625587,42592.94377728423,13181.984922068652,42152.851372860896,3956.0929392245553,13183.79489960144
21,32908.83034373504,40958.07111113485,12793.446890710164,40563.42272186157,3779.5669935680585,12795.064849242011
22,30411.447323389624,37976.75540906051,12184.749408575914,37624.90552120245,3549.9240257355323,12186.098471943362
23,26741.663989153374,33397.80060197937,11136.514054010311,33088.16766326569,3231.8665324962585,11137.417110686205
24,21853.733346110734,27180.43968833788,9425.532962474175,26921.581730336045,2752.8406437298745,9425.780427338175
25,16123.225236956336,19930.577612236353,7119.568737362313,19738.204627026353,2095.250931248966,7119.061113239987
26,10662.714139142212,13199.138327728666,4796.972471753063,13076.917799514495,1417.762419404725,4795.856437259575
27,7137.808222970261,9147.674215738783,3407.257490448387,9062.104042813273,1055.7986038440613,3405.9433057320452
28,6971.209016563169,9504.091360842744,3744.853076230209,9378.632206597,1331.3752806417247,3743.8607875784105
29,10397.849887120587,14405.741797594746,5870.898984307306,14149.804174338684,2287.5234531341926,5870.603836045707
30,16107.486048176957,22025.862199278803,8946.379061331636,21585.30173511913,3574.066326489167,8946.817968270205
31,21860.62908428499,29425.65652974323,11671.43298394934,28818.443746360266,4620.5098957217015,11672.309938182578
32,25727.446334936674,34161.57990931527,13055.72321284823,33468.581688742895,4997.279100319933,13056.617871037319
33,27096.07388575292,35561.182028868854,12971.420301465225,34875.47133883786,4694.281736306159,12972.060139981833
34,26770.92229763489,34808.89982799127,12106.499450070118,34180.0635201081,4098.918581953022,12106.914406285032
35,26190.165300825553,33884.613124019714,11403.361577364942,33298.34502626194,3696.7965114517324,11403.831642723546
36,26430.115268099995,34221.8429414451,11439.59869191251,33626.18610277345,3738.2612409742837,11440.45338263942
37,27713.90849663648,36036.2465316878,12186.131746038607,35389.37875443419,4122.693632551885,12187.550043907126
38,29624.667834746077,38619.747948187694,13221.145282113333,37921.044696047975,4553.150745604119,13223.07729656725
39,31644.29101023183,41123.81220310603,14123.548500393934,40408.90210852105,4792.986144727272,14125.775738080049
40,33493.98459749757,43114.02863363081,14709.643450376143,42426.01420324288,4805.304747923624,14711.904979430534
41,35083.53545512183,44567.829876822485,15003.661192206631,43932.4984373302,4697.792197279452,15005.758130705035
42,36288.81834239587,45542.51699989812,15085.641359313202,44964.59352188332,4576.406410816777,15087.477915553372
43,36868.1176368774,45935.01948445203,15003.311944203173,45409.962804088515,4462.08262710687,15004.880431651032
44,36577.0327369906,45502.041943589924,14781.077623252802,45026.59284295613,4321.0125282880035,14782.410352631143
45,35283.70739612459,43978.65694227505,14421.795944167925,43551.53423710776,4130.314777871072,14422.900750753544
46,32921.6615005388,41105.625551926336,13838.972474240323,40724.599387933304,3884.6460500723215,13839.772879091668
47,29385.24453454832,36630.089885334506,12812.921630654248,36294.98521540391,3548.80413226174,12813.241195914567
48,24626.651250680978,30509.403424507465,11120.130928973545,30229.163937636848,3050.3714812153926,11119.760995122564
49,19018.925225966705,23347.041229202052,8827.883872925138,23137.73403559708,2371.864235378224,8826.726137090294
50,13671.35832538055,16690.72719957502,6513.747353059256,16556.3525017223,1671.9477870101844,6511.950041561234
51,10245.728072124739,12698.338252229,5126.235789402559,12605.714096754558,1285.933330634308,5124.211174891346
52,10161.173553492987,13094.50142510978,5458.893363168784,12967.400632987334,1535.7444408457388,5457.164020871421
53,13650.298407315538,18014.64972193775,7572.449071088971,17762.772452592195,2464.5257832945185,7571.393223135292
54,19402.14254662188,25631.788095874443,10628.05777794853,25201.22821919916,3722.4992201507807,10627.715605280866
55,25177.53212906411,33007.90734251532,13326.346277494324,32416.79898777196,4739.7311510120635,13326.425173938094
56,29046.775252118678,37699.98480309762,14677.31064586167,37029.284920663296,5087.112633344627,14677.393759266892
57,30396.99879244756,39034.81256951992,14552.965450123036,38377.635956137754,4754.725437053071,14552.783917290468
58,30030.379630300984,38194.74023789866,13640.672950283533,37600.696467040056,4129.86605273975,13640.260671713266
59,29382.431480464937,37157.11109217717,12882.11326465072,36611.906716503516,3697.968101668586,12881.75458225705
60,29527.388311296443,37353.56711300529,12854.434132470951,36805.22993080106,3709.368520836446,12854.463282273151
61,30687.395001426707,38999.10421803535,13528.54054533371,38405.738985874006,4063.683916966706,13529.141501980768
62,32445.473673776014,41385.97629337625,14482.900204750807,40746.80965210334,4464.341207789879,14484.02823452155
63,34283.789758622006,43666.3428526568,15296.76439077014,43016.78460542649,4675.01569522456,15298.206244084582
64,35923.85756371563,45406.40901353827,15786.691904198804,44789.294195981776,4658.986308207706,15788.191932070811
65,37275.86871413806,46584.15078520828,15977.10421797842,46024.96918610008,4524.00262189719,15978.468814568152
66,38216.42423047112,47257.61162472556,15948.258961660393,46760.76502521736,4376.078411746605,15949.397549162532
67,38504.93975329804,47324.856481328476,15748.183657316391,46885.448889834326,4236.254422391418,15749.093651556543
68,37898.4340639918,46544.09809990013,15401.657625004389,46158.47911466131,4070.855298780919,15402.37630042169
69,36266.637963817615,44652.18652718085,14911.985587709945,44318.650220695905,3857.1131182371055,14912.525587819546
70,33544.86364839086,41391.89766803008,14193.232472729092,41107.76178109764,3589.773181392793,14193.521931095023
71,29629.549646950487,36512.61269308133,13026.4085597312,36277.22344695108,3233.7300962234767,13026.275375161991
72,24475.164802387026,29973.967463968384,11188.750845362973,29795.760128944356,2716.6762443745456,11187.990328755854
73,18456.833080247772,22381.390648684966,8748.160746539144,22275.895040235373,2021.185706543439,8746.678154980611
74,12685.398793545402,15283.96846907222,6282.552023776858,15254.631337388722,1305.8443936675496,6280.4987626021775
75,8823.822989284432,10840.59809676703,4740.59587051618,10853.68826958147,905.7463964679736,4738.387073275958
76,8292.823460872254,10777.408724386647,4916.121685408062,10756.167065011536,1142.5948388477145,4914.2824805832215
77,11327.887868160244,15232.731371732534,6870.622295212093,15086.337065932876,2059.498156429104,6869.533049862211
78,16622.571183623306,22384.141303036497,9766.591763657127,22058.1572811098,3306.9072877039193,9766.294210353552
79,21943.204145063788,29299.151670402054,12306.294908184735,28811.15548605386,4315.261930130646,12306.497231071306
80,25365.327994948213,33539.879523680895,13501.184109485343,32970.25409931664,4655.7169477160905,13501.469433550437
81,26279.99826432211,34436.807831812075,13224.201516211393,33878.108323071756,4318.31301868723,13224.300226099418
82,25491.88563622944,33174.42850555902,12163.130154646416,32675.754280950612,3690.01707735585,12163.074816967113
83,24438.306756275266,31731.511069959844,11259.902723327916,31278.12225234058,3255.8566380675425,11259.97587315486
84,24195.563796800983,31541.468612541106,11092.125680008668,31080.996850114905,3265.9220735869512,11092.65928967098
85,24988.59166305569,32821.93037098368,11631.511092311184,32312.108417060677,3619.8256766627605,11632.68636356314
86,26403.682777233276,34868.37973493991,12457.543966729427,34308.071242156766,4021.1245200163403,12459.31282797962
87,27926.18974127224,36836.13979238097,13150.45470181539,36260.4083439004,4233.578864740928,13152.599985997153
88,29280.365998301706,38294.038603756075,13527.591381940883,37745.41224183556,4220.410276668637,13529.852965995862
89,30378.71984574722,39222.11419108761,13613.987428789764,38725.83370616817,4089.2086553852528,13616.166709020385
90,31099.94502121256,39680.16094265857,13490.423503363882,39240.44082091697,3945.8300050770163,13492.42441070571
91,31205.38928549021,39567.86145283033,13205.410743444641,39179.672525739676,3811.218972013973,13207.224751727057
92,30453.71198725977,38644.88168222341,12784.162914816918,38304.48730115666,3651.6454343466758,12785.820975961436
93,28715.86467852719,36649.25210805154,12230.365258068852,36354.90651290568,3444.282665634129,12231.873397345747
94,25927.99666412441,33324.62501874259,11458.447960912563,33073.65431400588,3183.8092942946128,11459.727462533214
95,21987.09642595993,28420.947329933017,10249.795854721884,28212.75076094486,2835.0795312165224,10250.66756393503
96,16847.795330470944,21897.94140263942,8381.948349284796,21741.04299438739,2325.777453729636,8382.200336808524
97,10884.631401227349,14360.288997530986,5922.854616614021,14270.337658120947,1638.4364880597077,5922.384776337125
98,5206.804137683497,7355.256907723906,3450.0859036033034,7335.854769863992,931.4844774107194,3449.0382906067325
99,1474.7596214494524,3039.128202468483,1911.6665981981992,3056.748905260938,539.7399436508261,1910.4491754620815
100,1106.6298774725346,3135.4808025526504,2100.7996880609016,3113.6248227694896,784.6470621411738,2099.9307038610173
101,4336.196535936895,7781.109352900225,4078.729361854118,7629.256044261274,1709.25909652748,4078.5825881277106
102,9856.559117406163,15153.386318012283,7008.183774678583,14817.410187398233,2964.256015111924,7008.794538476424
103,15434.251296529328,22320.281304727614,9591.87713392845,21818.058891645742,3980.468766697729,9592.947318042372
104,19144.467666256845,26843.74147872362,10841.455897493943,26255.941914653165,4329.3508587074575,10842.562452566362
105,20376.39050940008,28052.43913843896,10629.464630958593,27471.91453403313,4000.952280465729,10630.332044149656
106,19931.21876743847,27127.368796278897,9642.730293293494,26603.55309852687,3381.9748793270796,9643.385714609067
107,19242.003065638924,26043.003592644323,8822.021430484616,25561.535528006694,2957.1169419717,8822.74261433192
108,19381.002738897896,26228.778277095822,8743.95873462081,25737.69101041954,2976.3097755454583,8745.07356022687
109,20569.85129632331,27899.235460313055,9379.601518870115,27356.652827533,3339.257580147828,9381.287754430043
110,22392.10105544987,30347.453495540787,10307.989451430054,29752.59793108017,3749.7505515453686,10310.196208384594
111,24330.422801932044,32726.424791699777,11108.87912667308,32114.687927279425,3971.7415975468502,11111.387024047574
112,26106.14025896273,34602.29963240732,11598.977118845081,34016.523711175265,3968.505279851828,11601.52443509961
113,27628.666044602727,35952.12188543437,11802.532286951453,35417.86191510327,3847.582810932436,11804.919445759668
114,28773.684160655055,36832.67348844087,11799.49787160542,36354.45770841012,3714.7820359909,11801.628453624833
115,29299.73175747331,37140.82900087218,11637.575515080625,36713.93051184023,3591.0577965188404,11639.44126380336
116,28962.771442179295,36633.66073516829,11341.188331676622,36254.623834285914,3442.7263273818094,11342.821103030989
117,27631.084699451683,35046.748414393885,10913.254953046562,34714.08459943802,3246.9963155939445,10914.66232946638
118,25238.249611820225,32121.43743107561,10267.510816409975,31832.707122436936,2998.5654323574613,10268.616281579632
119,21678.909300737403,27605.532317545385,9184.750652116574,27360.342375202606,2662.323269315774,9185.377835804387
120,16905.5001085074,21456.63094467677,7441.954250493876,21263.677956804357,2166.010185859241,7441.89451859729
121,11290.173048571363,14276.970833373523,5106.365341314086,14152.037190582916,1492.1712920592354,5105.520358348943
122,5939.250715888782,7610.826565547975,2754.5734081205132,7557.6168731324815,799.1156084648511,2753.0915066009934
123,2510.007280537396,3611.2240483658074,1333.4346940648427,3596.2993841626303,421.4116164310475,1331.72867866725
124,2417.9070235191707,3999.0760523249487,1635.12513812069,3946.0181809757123,680.2559625123741,1633.718660960506
125,5895.5120454819225,8910.04991388581,3720.36194740079,8728.403207936453,1618.6438912235467,3719.6346259951415
126,11636.508708769308,16522.235513446372,6751.951716970003,16157.898772530554,2887.467366088527,6751.944953991438
127,17409.213026083,23905.47308927674,9433.024291695747,23376.28760235956,3917.9176780688517,9433.446074082738
128,21290.565023509662,28623.42572748497,10775.506394851582,28009.971250198367,4281.702737343036,10775.939714032304
129,22670.4486582264,30005.285305327347,10651.748046601926,29400.299919760284,3968.825036046718,10651.923404861067
130,22349.614030506174,29231.2919587959,9747.935850778751,28684.104024821878,3365.6529325694846,9747.886483189657
131,21760.27718095849,28274.742474779137,9004.097385338942,27770.90637671791,2956.4766595848696,9004.107252831098
132,21974.4510607013,28564.55090833045,8996.39207516339,28052.022105998272,2990.9805560014183,8996.795338959826
133,23214.582202000343,30315.92595372654,9695.845253909509,29752.730391602025,3368.865257199258,9696.82592098076
134,25065.86520196163,32823.54354022175,10681.756476603121,32208.77016850219,3794.0526850351284,10683.269728169105
135,27012.887042489303,35242.27067547929,11534.19168812209,34611.14993347268,4030.5828304874735,11536.023956306404
136,28778.801334744843,37139.93907395529,12070.067924296734,36535.147285610336,4041.675367584712,12071.962991580405
137,30274.79114490022,38495.061936705264,12313.760673965384,37942.00312864974,3934.714526794725,12315.524114629232
138,31378.447928901303,39365.92654319261,12345.35620162855,38868.99786818306,3815.3532308558565,12346.896345752193
139,31850.411305630358,39651.12180953598,12212.746124973919,39205.47916509759,3704.453234212712,12214.059028473352
140,31448.80186468394,39109.604525265924,11940.591034229703,38711.683573487884,3568.27925395389,11941.712420571212
141,30043.974724175172,37478.89007162152,11532.089342656713,37127.103867617385,3383.984801694607,11533.030224680857
142,27571.518932680494,34502.266148202565,10901.336082599024,34194.09101888848,3146.205087437676,10902.022926584723
143,23928.105203714353,29929.46387339781,9829.588076273258,29664.43597348853,2819.7943599298687,9829.847000764257
144,19068.09415437219,23719.80528853898,8094.305733112768,23506.55769862236,2332.49088308682,8093.9300466625555
145,13365.074817344626,16476.67533774877,5763.046231329016,16330.931612935072,1666.806831696121,5761.9389923146555
146,7925.987275621284,9744.658149633186,3412.405944276271,9670.077641662165,980.9027803745121,3410.716404129263
147,4408.06581716678,5676.505540740405,1989.0230887175062,5639.633806987362,609.083585168448,1987.164605388704
148,4226.849881874387,5993.105141838076,2284.950511198258,5917.546562942509,872.3016484040967,2283.4469828078004
149,7616.014288801138,10831.274203211178,4361.22934647505,10626.622669713963,1813.5149545918923,4360.460277216773
150,13271.737735456196,18371.71954153676,7381.536407963154,17983.924089498112,3083.866064080897,7381.542591481683
151,18965.586762830837,25687.663848274096,10050.1445897011,25134.595602071,4114.963175517703,10050.632788036397
152,22777.272789391016,30345.605236765095,11379.919582104643,29707.85596815897,4478.843003975134,11380.470940406885
153,24097.965839786866,31675.98148443015,11243.603419520485,31046.309623663117,4165.5524018853985,11243.946100467963
154,23728.116179061788,30858.616692946507,10327.25426717039,30286.408622824485,3561.234920717838,10327.418861749578
155,23098.830425623128,29865.591206117897,9570.594440523675,29336.505691040824,3149.897368977504,9570.862107642064
156,23281.193146087226,30124.89394622899,9549.680947451387,29587.01814951028,3181.116581044838,9550.382938109551
157,24497.396272859754,31851.649278123157,10235.787398776933,31263.13668564795,3554.742586065813,10237.104678125312
158,26332.8494903579,34341.056671905586,11208.68003336598,33701.09938031581,3974.9939342095245,11210.56457723
159,28272.299389863518,36748.486064539014,12048.86745316877,36092.396231202234,4206.172802146799,12051.102328274177
160,30038.67733063287,38641.810514320314,12573.539720757519,38012.34279894371,4211.627361185443,12575.865219499174
161,31542.62616072025,39999.13607434078,12807.19425206483,39421.78424297037,4098.774459576085,12809.412372839179
162,32661.11527850878,40878.17685004746,12829.982493055888,40357.439404879,3973.305718821296,12831.997934356941
163,33154.180193328626,41176.99176911652,12689.85976201162,40708.12700570839,3856.1851559284696,12691.664928370725
164,32779.25913372518,40654.04947036533,12411.544626646906,40233.58689823857,3713.8206855021945,12413.171627315704
165,31405.850968511226,39046.33844360415,11998.288181003492,38672.774085161094,3523.5023200143523,11999.744516919242
166,28968.580843460993,36096.5748760386,11364.276296151551,35767.45773664355,3279.989030080996,11365.485062727774
167,25363.17148717751,31553.88979816157,10290.923654253547,31268.814336705596,2948.2780934219595,10291.707735226726
168,20542.97492038765,25376.827557285644,8555.837896962863,25144.461956663064,2456.273855321176,8555.987482192864
169,14880.169999409196,18167.4798710758,6226.53347722797,18003.554950910904,1786.6112730663897,6225.948643343801
170,9479.590752721466,11468.395649793256,3879.241022070294,11376.557546649481,1097.4435805074538,3878.0682641476305
171,5995.870158388608,7429.836218199307,2459.997815562633,7376.611976378301,722.9364869289877,2458.648075625285
172,5842.257962786143,7770.605896785997,2760.3464092379945,7679.58411801317,983.9041543776646,2759.3415653184115
173,9251.404446797931,12626.79878530938,4841.2660431285485,12407.54931468772,1923.3531806608196,4840.983911725405
174,14920.098165959165,20180.0742190884,7866.924608868259,19778.48843463011,3192.741023572544,7867.4044725063895
175,20621.551508159457,27505.60149759966,10542.3704562588,26939.439564491993,4224.13431196977,10543.317595249086
176,24436.93895572344,32171.522544950283,11881.05655619931,31521.21656239507,4589.916356449186,11882.050623809875
177,25757.718514754102,33508.58646727664,11755.784987634324,32866.715185133406,4280.171744026824,11756.552732154645
178,25383.36183424314,32695.531247055973,10852.176438937693,32111.313770532077,3680.7877721605355,10852.747257249663
179,24743.51077945396,31702.818779926383,10109.364441206908,31161.77122043244,3275.4314397024673,10110.018614014418
180,24908.28886334889,31957.378272525515,10103.047515067798,31407.45469327044,3313.490929457383,10104.11572583577
181,26099.917727518252,33674.37772714678,10804.520197881793,33073.580910813704,3694.8602260058146,10806.183073361066
182,27904.61297097961,36149.921699156206,11793.817383939708,35497.25983943667,4123.9255417972,11796.026698314457
183,29808.163073534648,38540.505256735145,12651.72156625876,37871.08125251094,4365.09979450459,12654.260263191167
184,31534.43144517042,40414.8890168502,13195.555629382437,39771.2460095926,4381.687056221409,13198.163929914475
185,32994.92354335293,41751.82200147882,13449.825954027287,41159.25991488134,4280.944635104813,13452.305814100775
186,34067.61084988335,42609.67590307825,13494.661550163411,42072.522454707076,4168.392970904514,13496.91762447954
187,34513.739692419076,42887.36501314425,13378.016731474865,42400.72533626984,4064.8728078947092,13380.041357228429
188,34092.03826306615,42344.38131257609,13124.623335635932,41904.64477921579,3936.696342156277,13126.448533096886
189,32673.243130402774,40718.79360892783,12737.75709148567,40324.33160225285,3761.0402465039647,12739.390264829794
190,30193.193477742418,37754.417561760565,12131.67963364619,37402.675069793804,3532.5290983308064,12133.043765683142
191,26548.887029187357,33201.485891217766,11087.957425806027,32891.97408450162,3216.0394737828865,11088.8752251619
192,21694.895515583157,27019.46427859366,9384.344077846014,26760.78374069612,2739.375323224178,9384.605440775878
193,16004.181357243502,19810.813904514867,7088.310560194695,19618.642231080026,2085.0280587086754,7087.815142106259
194,10581.59219315133,13117.641657708951,4775.717147115611,12995.596297026561,1410.8803171773177,4774.610959181813
195,7081.166734545355,9089.209861133531,3391.9874154855524,9003.831120667224,1050.7013956918097,3390.680951368617
196,6915.722423363654,9443.59850756157,3728.1284773089283,9318.539860106566,1324.9188221178308,3727.143247668231
197,10318.557763780076,14317.376103247596,5845.016160346968,14062.313853602833,2276.3510945524795,5844.729628787975
198,15988.526893352446,21894.16402845252,8907.247815552719,21455.11256994192,3556.5482406772185,8907.698774155653
199,21701.697370895905,29251.875808279197,11620.562150856882,28646.714816433967,4597.829946286498,11621.455115230869
200,25541.643786018052,33960.862101780454,12998.88788190795,33270.14320390471,4972.740100461562,12999.801443734988
201,26900.75487890454,35352.49820912165,12914.946679327628,34668.946649664285,4671.236570562895,12915.606339076341
202,26577.854352868013,34604.48714636207,12053.750444579153,33977.5254637644,4078.809494157025,12054.184336515638
203,26001.124613179625,33685.45008576875,11353.640403013527,33100.86388434507,3678.670443435746,11354.127659816962
204,26239.399461411635,34020.755217135455,11389.720125633432,33426.81530598718,3719.9300951811683,11390.590430388816
205,27514.263952880814,35824.83250329939,12133.035601246138,35179.87417550985,4102.46548746811,12134.468688571733
206,29411.736960076505,38393.632492282355,13163.588497150733,37696.99173464083,4530.798436485913,13165.535310220848
207,31417.316167549892,40883.44615689967,14062.102202727672,40170.55140294758,4769.449966732293,14064.344904731139
208,33254.145581739635,42862.333860133585,14645.670301004713,42176.06879743572,4781.707103936671,14647.948405300736
209,34832.639186154214,44307.85690587234,14938.419551147896,43673.8907506048,4674.7242976727575,14940.534405780836
210,36029.53466681684,45276.99071386277,15020.044803273604,44700.04810036964,4553.936735454242,15021.900574234567
211,36604.796788088526,45667.25137950981,14938.068461332361,45142.84981577538,4440.17636710394,14939.65714270047
212,36315.724276072724,45236.72793294657,14716.790094234851,44761.67314790924,4299.801687321247,14718.143557397463
213,35031.37818384333,43722.00061045861,14359.05498242036,43295.079857358265,4110.044274785652,14360.180734811276
214,32685.741392637898,40865.305994981616,13778.741469723393,40484.37784625101,3865.587191581606,13779.562882041353
215,29173.89875974753,36415.22560690451,12757.110765160183,36080.205822003176,3531.401957753065,12757.451208203984
216,24448.378392288363,30329.356498422803,11071.613764931628,30049.22958773242,3035.428430925108,11071.264046815015
217,18879.631422385766,23207.740996091754,8789.244226248606,22998.54015371036,2360.269101132664,8788.105180639233
218,13569.238031236126,16589.296982204414,6485.080068696118,16454.971089413142,1663.8064205549426,6483.299236097429
219,10167.421433597116,12619.622246088264,5103.547753232182,12527.030729050095,1279.6967737702432,5101.537619092899
220,10083.451592955473,13013.528413295033,5434.770999869272,12886.63614723431,1528.2748031100289,5433.055580752874
221,13548.311871667367,17905.67525182424,7539.216487795428,17654.447724092555,2452.471958731631,7538.176199803246
222,19260.155133381126,25479.462193184914,10581.654076119892,25050.151878095967,3704.2361757547105,10581.330949959452
223,24995.376791743314,32813.59871238033,13268.310940145017,32224.24904605741,4716.446762913373,13268.412863559235
224,28837.70455236429,37478.96602685486,14613.450602351888,36810.219178514584,5062.112921040859,14613.55962665564
225,30178.529208902797,38806.189272971045,14489.639761208264,38150.81311354178,4731.365668226265,14489.485013945825
226,29814.450788160382,37970.89054191514,13581.278197715124,37378.33145291633,4109.590021996164,13580.891741319656
227,29171.00027504467,36939.15977007097,12825.986946773792,36395.21752175321,3679.823467956669,12825.652228037085
228,29314.940114192657,37134.49018402446,12798.425695212401,36587.422088903884,3691.1670760381594,12798.47707950298
229,30466.86932036962,38770.653194661514,13469.624619651533,38178.72355625797,4043.732815169911,13470.246796059406
230,32212.709643144608,41143.93059504441,14419.86844760663,40506.32892147012,4442.411566890052,14421.017477126838
231,34038.22820917535,43411.307846178395,15230.222293455967,42763.24635642042,4652.045327860775,15231.685543726318
232,35666.87656770464,45141.45961148796,15718.035874798072,44525.557386862914,4636.094403852233,15719.558102737039
233,37009.471300668854,46312.48759377639,15907.625481039424,45754.119403847886,4501.776486963743,15909.013271790745
234,37943.47218443288,46982.10512613388,15878.902808490622,46485.67570755388,4354.5819772009145,15880.06550362745
235,38229.96907002403,47048.95779943503,15679.68837526146,46609.63329599066,4215.447736374139,15680.623033920327
236,37627.67190279185,46272.63532902596,15334.654716046065,45886.83389054703,4050.864682631072,15335.398137385193
237,36007.218674796895,44391.48655218906,14847.092353040285,44057.574402066464,3838.177327581932,14847.656818485699
238,33304.37258642851,41149.75262609406,14131.43680997153,40865.13971996557,3572.1569402392834,14131.750270518181
239,29416.293753023794,36298.24256139316,12969.642742592534,36062.369754920124,3217.871505011087,12969.532875859895
240,24297.768896278034,29796.823002351048,11139.907891707142,29618.17021903405,2703.370513188133,11139.169449062203
241,18321.31249717676,22247.47597513238,8709.841085927384,22141.542914099984,2011.314171118313,8708.378436811827
242,12590.03872735677,15190.46676959173,6254.864086973127,15160.652591576947,1299.5052892037772,6252.827929978517
243,8755.334611688724,10772.397636170776,4719.556935643264,10785.016176687372,901.3830522205469,4717.362599706971
244,8228.028028060731,10709.565819244626,4894.325232927537,10688.053485964878,1137.0616188612898,4892.499274199132
245,11241.9646819826,15139.511971306996,6840.396032599745,14993.316596532104,2049.4362370052468,6839.321002387158
246,16499.790134514045,22250.18826386961,9723.874844761202,21925.03449763675,3290.6840039904355,9723.594319791238
247,21783.3815452718,29125.808677197143,12252.62325402493,28639.18626233252,4294.057666619978,12252.845910996954
248,25181.67667927354,33342.376173619276,13442.357435550988,32774.35587303749,4632.830423233153,13442.665305902567
249,26089.971870726054,34234.188857837995,13166.56800820256,33676.98123754533,4297.092437341669,13166.689474713105
250,25307.33803355729,32978.99345164813,12110.071877965276,32481.536716864888,3671.8994485208354,12110.037680997937
251,24261.08659244483,31544.288842934744,11210.739068423414,31091.938036309453,3239.8831501440095,11210.830864160806
252,24020.026351265922,31355.322634113792,11043.684471389608,30895.940278251284,3249.8983930782156,11044.234382094792
253,24807.525371852516,32628.483546946183,11580.741933736434,32119.962948099826,3602.0532027281447,11581.931900444757
254,26212.755797585196,34663.2677444679,12403.21021730136,34104.436065886264,4001.36900525775,12404.992992095364
255,27724.653295437132,36619.81015185979,13093.130446891608,36045.533668435804,4212.773159739601,13095.289512821706
256,29069.391379278608,38069.395424996386,13468.63870361044,37521.98613208177,4199.669019801196,13470.914380150141
257,30160.087766898843,38992.17561636522,13554.660518283821,38496.75882682695,4069.1150150856924,13556.854432825196
258,30876.28120438911,39447.604726462356,13431.628146117213,39008.397064266246,3926.4441840670906,13433.644192276404
259,30980.98184336423,39335.93722708917,13147.843503858892,38947.97049208297,3792.4976913527726,13149.672844960634
260,30234.530422236825,38418.208869043134,12728.411628523818,38077.81346145666,3633.712075985964,12730.084789933557
261,28508.778051858117,36433.94339233229,12177.00190601071,36139.44388141892,3427.3734154655663,12178.524601807781
262,25740.319627061977,33128.25451475938,11408.413769478302,32877.067099537955,3168.186654167008,11409.707153988047
263,21826.862069416304,28252.514908081,10204.975388771401,28044.131072192242,2821.1797012246107,10205.860140114823
264,16723.353774728825,21766.677388993987,8345.186201671606,21609.66316430323,2314.3940366323845,8345.449886055661
265,10801.72473169318,14271.978503188588,5896.702401317821,14181.949812891715,1630.4494737181583,5896.242080532657
266,5163.448030791925,7306.867278393116,3434.6031742628015,7287.375604858584,926.9909834503289,3433.5622522827803
267,1457.401699639508,3015.3367286099187,1902.8220209678504,3032.897497183236,537.1823751142316,1901.6087114497755
268,1091.835986622752,3111.1393408217805,2091.1387201716084,3089.445223386917,780.8790167046526,2090.272753567376
269,4298.900787883883,7730.287485425801,4060.5325929765067,7579.0830391750405,1700.9211062169657,4060.3899787683913
270,9780.798403921712,15060.540120103151,6977.344453465055,14725.85806922692,2949.7148575548663,6977.962414527923
271,15319.622963149031,22186.578658806164,9549.88678376773,21686.20420475665,3960.904321274607,9550.967745087477
272,19003.981304896726,26684.248438293493,10794.071624018905,26098.535035541274,4308.0613587376,10795.191489912602
273,20227.313765047198,27886.05030506666,10582.994060774756,27307.502000577268,3981.2854334290646,10583.87536098977
274,19785.238111660088,26966.248012137195,9600.517227127077,26444.1341918603,3365.36715867055,9601.18532676771
275,19100.819497214583,25888.059363630204,8783.349510743923,25408.110383879335,2942.6089356987704,8784.081323259847
276,19238.844584976272,26072.769642737574,8705.62275347362,25583.24639048314,2961.706463508925,8706.746342275417
277,20419.401474158363,27733.697521436912,9338.520937752042,27192.881398805468,3322.8595705412604,9340.21484064442
278,22228.944155808244,30167.95109850809,10262.900525461073,29575.025254901877,3731.322687634138,10265.11470376587
279,24153.748730675947,32533.351821461765,11060.331996890885,31923.507998876936,3952.2156923575203,11062.847741674746
280,25917.081318480705,34398.52383370025,11548.313176253369,33814.38588139826,3948.994800496128,11550.86922602806
281,27428.986138806973,35740.64219594032,11750.988350308666,35207.64754889121,3828.669619811324,11753.385372872504
282,28566.014022335596,36616.16535706094,11747.965709523012,36138.84256332065,3696.5248984020873,11750.107256725352
283,29088.385760044446,36922.55623266206,11586.741039572351,36496.23780919468,3573.4118724679865,11588.618548390801
284,28753.765827195042,36418.27283374739,11291.632071382559,36039.56885915341,3425.8133261298526,11293.276970702062
285,27431.35478465651,34840.40334261611,10865.54488121479,34507.8946656359,3231.0506547862756,10866.96443739759
286,25055.19468389699,31931.76893294791,10222.587378545895,31643.105380108267,2983.8477698489096,10223.704936239452
287,21520.664165198545,27441.61327981262,9144.500761681027,27196.493548650287,2649.2679087976253,9145.139770265336
288,16780.532233695718,21327.77702167844,7409.227857258662,21134.939588592344,2155.4088076421103,7409.179160945627
289,11204.355930329599,14189.063608585166,5083.722282125228,14064.258034024168,1484.9019667517048,5082.886692472889
290,5890.743821095844,7560.939747880315,2742.0841615484064,7507.820403338352,795.2735686943294,2740.6093356794067
291,2485.412635573324,3584.1498671800123,1327.0813726347135,3569.3202806655154,419.4374496364873,1325.3803384779233
292,2393.9536571001618,3969.788511010234,1627.468969608698,3917.023536662915,677.0015502729209,1626.0668312028934
293,5847.304151938768,8852.746546763343,3703.7014052928366,8671.856866227388,1610.7481856908523,3702.979984949607
294,11548.258260809172,16421.50473372967,6722.1998252634085,16058.548659549686,2873.295736185865,6722.202386579006
295,17280.695544409617,23762.618078173822,9391.694009088269,23235.347023911912,3898.64879964287,9392.129044505806
296,21134.969487535112,28453.649389016522,10728.377685224963,27842.329038610966,4260.633878622382,10728.82710173893
297,22505.221471414174,29827.619261603435,10605.152576359122,29224.641355998618,3949.3032092415046,10605.344879689459
298,22186.618014366162,29058.035904535103,9705.242399222707,28512.566056155556,3349.1142148478193,9705.208999722141
299,21601.385577046767,28106.938319969922,8964.615270465345,27604.624421050394,2941.9615680603415,8964.639247993626
300,21814.05873195595,28395.087438407623,8956.94222330311,27884.114586789707,2976.294348172699,8957.35788322909
301,23045.531409805593,30136.463230023466,9653.373486264914,29575.01686378372,3352.3091867892967,9654.365565562779
302,24883.891335241748,32629.765551135664,10635.025408619493,32016.89724863074,3775.392624079678,10636.549899560065
303,26817.321048394064,35034.68369988937,11483.777606471485,34405.425884859455,4010.7520148979797,11485.62157549221
304,28570.90574236704,36921.515682840996,12017.337946577707,36318.32809695882,4021.789087344312,12019.245599893511
305,30056.44837730709,38268.897626575,12259.976736066516,37717.06845076796,3915.35686826188,12261.75385745912
306,31152.3948068206,39134.78447706033,12291.434403901552,38638.712794951076,3796.5855803990808,12292.98926197196
307,31621.05531018101,39418.34421048319,12159.395765148976,38973.24683506421,3686.233760373452,12160.724078813162
308,31222.23899406566,38879.90969757131,11888.414937780262,38482.28943255603,3550.7330475082026,11889.55197536348
309,29827.206507173967,37258.49496736914,11481.676564846284,36906.83542640886,3367.3500147273535,11482.632997579882
310,27371.99730343363,34298.85362417537,10853.646829270789,33990.721584213024,3130.74644032259,10854.348961559954
311,23754.0042033838,29752.14611018457,9786.527610374273,29487.170435310705,2805.95051678342,9786.801360346788
312,18927.9073927219,23577.927594439836,8058.74087335925,23364.78394748555,2321.0581480678525,8058.379010740708
313,13264.689311057455,16376.139602999112,5737.552151665526,16230.519222157332,1658.6681237889181,5736.456867661852
314,7863.56401157765,9682.54944192208,3397.0668953484496,9608.061777371275,976.158362182565,3395.3867547269842
315,4370.1970946141055,5637.618997576637,1979.8333745655605,5600.852210552262,606.1792093247458,1977.9819501786167
316,4190.24463083991,5952.4098115640645,2274.4819726218225,5877.161352378864,868.0944477702851,2272.9846090343103
317,7555.74721416144,10762.955466658628,4341.789509198678,10559.085349164849,1804.6491670229916,4341.027912715747
318,13171.982999322176,18260.347189757525,7349.045819370877,17873.96362112672,3068.7123247656505,7349.062644569038
319,18826.074900180007,25534.516760854243,10006.1222506971,24983.40050424864,4094.705353006162,10006.624767692783
320,22611.141816897023,30165.857163393855,11330.150075634927,29530.285303144236,4456.783430118348,11330.718350129857
321,23922.606459066286,31488.630899378717,11194.42167820304,30861.014794664705,4145.0429686236,11194.781883539965
322,23555.332026358625,30675.927023297867,10282.031062462074,30105.489482653036,3543.7163467482846,10282.211974193791
323,22930.433331977933,29688.56585361785,9528.639896041572,29161.058244059554,3134.4145223861005,9528.921803150668
324,23111.515578820075,29946.381815739092,9507.815701501348,29410.119974232235,3165.4787292643095,9508.530011925988
325,24319.21831900802,31663.27002549915,10190.955988662154,31076.56592807697,3537.2546043025686,10192.284411776513
326,26141.84574104405,34138.45416894904,11159.642895322602,33500.46151821091,3955.424883622342,11161.538233427924
327,28067.74245952673,36532.12753156043,11996.197901175034,35877.95944868838,4185.458635641972,11998.443871715432
328,29821.774888022486,38414.63123598927,12518.601207797548,37786.82479942421,4190.885578562315,12520.938544061868
329,31315.210153152613,39764.19668239352,12751.244457082512,39188.12885456218,4078.590819955443,12753.475384663685
330,32425.877242572595,40638.20864218178,12773.932763990773,40118.378957868495,3953.74272017561,12775.961937922142
331,32915.488207237366,40935.30859948438,12634.414240750531,40467.03544847571,3837.201499131993,12636.233746699727
332,32543.176239512595,40415.345182678095,12357.300666071958,39995.22448789952,3695.541402728082,12358.942176212016
333,31179.35262005395,38816.809759693766,11945.829127160814,38443.407481202245,3506.1649088042623,11947.29981862988
334,28759.100079954904,35883.888881181825,11314.556481734935,35554.84397327123,3263.8569621404217,11315.77930546771
335,25178.870796377498,31367.147494633336,10245.842369844342,31082.146754629568,2933.788198866757,10246.64002599555
336,20392.34372284031,25225.367706990754,8518.255945790273,24993.121667409345,2444.2200346912578,8518.41810153836
337,14769.0983735193,18057.202395567216,6199.020022030624,17893.409470612816,1777.8734947800972,6198.445902184778
338,9406.249750010718,11396.388078168035,3861.874344153248,11304.644561845234,1092.1186388228782,3860.70977159371
339,5946.868773734034,7380.900349154306,2448.7663216395745,7327.776096963746,719.4661845179486,2447.4224668113984
340,5794.327957352651,7719.721322957379,2747.816134558029,7628.9983603298515,979.1412344061777,2746.816334463048
341,9179.648887640598,12548.164925227904,4819.738811773299,12329.679717123952,1913.9370994844312,4819.4630965252945
342,14808.724403343214,20058.277936890325,7832.315374511951,19658.081664852652,3177.0372963147447,7832.804898044733
343,20470.327298302636,27341.941264282395,10496.192730831126,26777.704491554963,4203.321406609425,10497.153290995424
344,24259.042702242987,31981.193653208247,11829.089528751567,31333.034666401545,4567.290986049137,11830.099707847436
345,25570.583544648103,33310.610279871034,11704.358276796846,32670.761734792017,4259.080029394141,11705.142841322679
346,25198.83567582731,32502.194790361697,10804.655562415153,31919.713281797027,3662.6645772720644,10805.242100489455
347,24563.449422400397,31515.149113808406,10065.054306040474,30975.64448942671,3259.3157652460936,10065.722234312936
348,24727.06818819402,31768.247361071604,10058.763554894073,31219.903542623877,3297.1862350756546,10059.843718923727
349,25910.359481989555,33475.427034720684,10757.20173097974,32876.40651140939,3676.6657115971498,10758.8755062775
350,27702.43066882937,35936.81502102515,11742.219587156893,35286.088819628494,4103.604798347133,11744.439578399319
351,29592.664566206528,38313.7272461375,12596.41242930258,37646.20044585614,4343.583581497905,12598.962234471333
352,31306.855059227226,40177.389335260086,13137.893194304555,39535.388680438096,4360.08802656474,13140.513478627228
353,32757.12648021554,41506.67208590592,13391.062384297524,40915.38182660737,4259.8441146953855,13393.5553339997
354,33822.30375554665,42359.613829669455,13435.702560883628,41823.36377037456,4147.849501893688,13437.972790190623
355,34265.30296525771,42635.707001172785,13319.56070757839,42149.66332711256,4044.8416723253313,13321.60023780006
356,33846.5399399025,42095.81884792378,13067.261749232714,41656.43818562476,3917.299745105418,13069.102166621855
357,32437.655916962653,40479.516106562194,12682.067292184682,40085.240482489884,3742.513499405125,12683.715680341053
358,29974.939632205267,37532.07971461474,12078.609858793063,37180.44461853483,3515.134170958753,12079.98905949954
359,26356.110068984628,33005.17118015435,11039.400797525755,32695.780505438044,3200.212415048149,11040.333339561585
360,21536.057685049393,26858.48886884026,9343.155193212402,26599.9857510472,2725.910002716806,9343.43045420813
361,15885.137477524295,19691.050196784006,7057.052383021521,19499.079835124518,2074.8051861667504,7056.5691709669745
362,10500.470247453508,13036.144988045518,4754.461822607301,12914.274794890518,1403.9982149892037,4753.365481233226
363,7024.525246073917,9030.745506474183,3376.7173404964174,8945.558198468827,1045.60418753033,3375.418596978889
364,6860.235830154952,9383.105654243489,3711.4038783662722,9258.447513580944,1318.462363577814,3710.425707736653
365,10239.265640444142,14229.010408904274,5819.133336387257,13974.823532870885,2265.1787359703635,5818.855421530868
366,15869.567738161382,21762.46585714235,8868.116569580072,21324.923404292473,3539.030154786736,8868.579579847328
367,21542.765657501575,29078.095086810517,11569.691317763425,28474.985886502967,4575.149996851498,11570.600292278166
368,25355.841237056193,33760.14429417465,12942.052550935392,33071.70471899712,4948.201100586583,12942.985016400362
369,26705.435872052454,35143.81438937138,12858.473057189452,34462.42196048756,4648.191404819976,12859.152538170267
370,26384.786407912456,34400.07446446621,12001.00143894118,33774.987407162705,4058.700406290095,12001.454266599201
371,25812.08392557778,33486.28704756987,11303.919228687328,32903.3827424784,3660.544375429257,11304.423676935596
372,26048.683654704768,33819.66749280567,11339.841559345583,33227.44450918069,3701.5989493870748,11340.727478129455
373,27314.619409001556,35613.41847473477,12079.939456369051,34970.36959641364,4082.237342348535,12081.3873331517
374,29198.80608542354,38167.51703639505,13106.031712196418,37472.93877325186,4508.446127368462,13107.993323882733
375,31190.34132494349,40643.08011078054,14000.655905102889,39932.200697459484,4745.913788748933,14002.914071423696
376,33014.30656599709,42610.63908665324,14581.697151641425,41926.123391645575,4758.109459950512,14583.991831179072
377,34581.742917186544,44047.88393492216,14873.177910089391,43415.28306387941,4651.656398066099,14875.310680856868
378,35770.250991354435,45011.464427987004,14954.44824731159,44435.50267901124,4531.46706012376,14956.323232993365
379,36341.475939298296,45399.483274566315,14872.824978461504,44875.736827461005,4418.270107101047,14874.433853749852
380,36054.41581519323,44971.41392237024,14652.502565247967,44496.75345292756,4278.590846371528,14653.876762194866
381,34779.04897156439,43465.34427864423,14296.314020672953,43038.625477610796,4089.773771700087,14297.460718869164
382,32449.821284862806,40624.98643820523,13718.510465285246,40244.15630473257,3846.528333122961,13719.35288506985
383,28962.55298488714,36200.361328404906,12701.299899632828,35865.42642853474,3513.9997832337467,12701.661220460122
384,24270.10553390018,30149.30957234227,11023.096600890409,29869.2952378321,3020.485380634739,11022.767098508168
385,18740.33761891292,23068.440763140297,8750.60457964859,22859.346271978124,2348.6739669218546,8749.48422426472
386,13467.117737092298,16487.866764834478,6456.412784333203,16353.589677104626,1655.6650540998044,6454.648430633846
387,10089.114795019434,12540.906239886383,5080.859717029894,12448.347361286422,1273.4602168950446,5078.864063262544
388,10005.729632417673,12932.555401479933,5410.648636569644,12805.871661480956,1520.8051653742548,5408.947140634206
389,13446.325336013171,17796.7007817052,7505.983904500769,17546.12299558737,2440.41813416886,7504.959176470086
390,19118.16772001073,25327.136290323997,10535.250374211788,24899.075536825716,3685.973131327021,10534.946294558553
391,24813.221454416594,32619.290082240062,13210.275602794667,32031.69910433753,4693.162374814892,13210.40055317934
392,28628.633852575338,37257.94725054907,14549.590558809576,36591.15343630426,5037.1132087207325,14549.725494011842
393,29960.05962535421,38577.56597641966,14426.314072291452,37923.99027094289,4708.005899400679,14426.186110599152
394,29598.521945902958,37747.04084577247,13521.88344506806,37155.96643863756,4089.3139912213014,13521.522810847373
395,28959.569069710407,36721.208448075995,12769.860628960761,36178.528327110056,3661.6788342712584,12769.549873880998
396,29102.491917087875,36915.413255041014,12742.417257954134,36369.61424700452,3672.9656312384345,12742.490876733085
397,30246.343639198087,38542.20217112138,13410.708693891856,37951.70812648035,4023.7817133371595,13411.352090060513
398,31979.945612516316,40901.88489671513,14356.836690462947,40265.84819083954,4420.481925989912,14358.006719732628
399,33792.66665984108,43156.27283982918,15163.680196186557,42509.708107544,4629.074960503641,15165.164843412833
400,35409.89557169632,44876.51020943999,15649.379845397953,44261.82057774645,4613.202499496623,15650.924273403878
401,36743.073887095285,46040.824402188584,15838.146744024614,45483.26962144428,4479.5503519951,15839.5577289375
402,37670.520138513064,46706.59862770357,15809.546655398442,46210.58639004735,4333.085542687303,15810.733458169974
403,37954.99838672288,46773.05911750062,15611.193093181188,46333.817702109794,4194.641050345231,15612.152416258754
404,37356.90974160752,46001.17255816938,15267.651807092729,45615.18866644993,4030.874066483022,15268.419974353676
405,35747.79938579341,44130.7865772165,14782.199118376177,43796.498583455854,3819.2415369285413,14782.788049157398
406,33063.88152462601,40907.607584348945,14069.641147246668,40622.51765902265,3554.5406990951114,14069.978609974058
407,29203.037859020973,36083.87242961657,12912.876925413948,35847.51606280288,3202.0129137861295,12912.790376517889
408,24120.372990114494,29619.678540648038,11091.064938013378,29440.580309040153,2690.0647819826913,11090.3485693306
409,18185.79191419733,22113.56130171939,8671.521425384848,22007.190788100095,2001.4426357257844,8670.078718712293
410,12494.678661165724,15096.96507010913,6227.176150169241,15066.67384576308,1293.1661847402058,6225.157097354703
411,8686.846234089777,10704.197175571575,4698.518000769965,10716.344083790349,897.0197079732758,4696.338126137602
412,8163.232595245023,10641.72291409871,4872.528780446349,10619.93990691435,1131.5283988749518,4870.716067814379
413,11156.041495904301,15046.292571032516,6810.169770062746,14900.296127278034,2039.3743176165622,6809.108954987485
414,16377.009085286158,22116.235224541124,9681.157925787635,21791.911714006506,3274.460720244848,9680.894429151263
415,21623.558945529712,28952.465684053182,12198.951599896973,28467.2170386702,4272.853403120413,12199.194590954447
416,24998.025363598976,33144.872823557824,13383.530761616705,32578.457646758507,4609.94389875026,13383.861178254765
417,25899.945477130495,34031.56988386447,13108.934500193936,33475.85415201947,4275.871855996215,13109.078723327006
418,25122.790430885725,32783.558397737856,12057.013601284363,32287.319152779783,3653.7818196859253,12057.000545028986
419,24083.86642868503,31357.06661598904,11161.57541355403,30905.753820355923,3223.909662230609,11161.68585520186
420,23844.488905764993,31169.17665574949,10995.24326280115,30710.883706448927,3233.8747125865607,10995.809474549225
421,24626.459080552107,32435.03672275947,11529.972775087079,31927.817478994235,3584.280728758294,11531.177437251734
422,26021.82881794171,34458.155753999774,12348.876467873988,33900.80088961974,3981.613490498804,12350.673156211797
423,27523.116849606547,36403.48051134253,13035.806191968593,35830.65899297521,4191.967454737988,13037.979039647029
424,28858.416760260036,37844.752246240714,13409.686025280876,37298.56002233208,4178.927762933551,13411.975794305297
425,29941.455687959624,38762.23704150485,13495.33360771092,38267.68394735188,4049.021374753515,13497.542156563024
426,30652.617387709073,39215.04851045508,13372.832788959235,38776.35330780002,3907.0583630909177,13374.863973935811
427,30756.574401196413,39104.01300129963,13090.2762642495,38716.26845837959,3773.776410682927,13092.120938170578
428,30015.348857140627,38191.536055785946,12672.660342206165,37851.13962168184,3615.7787176189017,12674.34860388112
429,28301.6914251634,36218.634676585236,12123.63855394123,35923.98124990427,3410.46416529557,12125.17580625848
430,25552.64258997535,32931.884010749825,11358.37957803303,32680.479885043627,3152.5640140380256,11359.686845431868
431,21666.627713117516,28084.08248653819,10160.154922900721,27875.511383746896,2807.2798712534363,10161.052716374445
432,16598.912218620113,21635.413374859607,8308.424053892699,21478.283333735468,2303.010619479602,8308.699435137012
433,10718.8180622663,14183.66800900403,5870.550186098236,14093.561967816093,1622.4624594112065,5870.099384804828
434,5120.09192390014,7258.47764906215,3419.120444922532,7238.896439853041,922.4974894900198,3418.086213959063
435,1440.0437779717172,2991.5452549017577,1893.9774437915055,3009.046089255292,534.6248065869313,1892.768247491467
436,1077.0420957706933,3086.7978790886905,2081.477752282007,3065.265624002166,777.1109712681055,2080.614803273426
437,4261.605039953537,7679.465618126784,4042.3358241835185,7528.91003425999,1692.583115942142,4042.1973694937233
438,9705.03769044668,14967.693922205497,6946.505132258461,14634.305951067263,2935.1736999985897,6947.13029058635
439,15204.99462955105,22052.876012605706,9507.89643352378,21554.349517594565,3941.339875819965,9508.988172049334
440,18863.49494355958,26524.755397913403,10746.687350567572,25941.12815647752,4286.771858784078,10747.82052728257
441,20078.23702068971,27719.661471687778,10536.523490585512,27143.089467114653,3961.618586391759,10537.418677824468
442,19639.25745599197,26805.12722814718,9558.304161032442,26284.71528534079,3348.759438045579,9558.984938998155
443,18959.63592879549,25733.11513462079,8744.677591004096,25254.685239756698,2928.1009294256623,8745.420032188635
444,19096.68643109916,25916.76100845157,8667.28677235864,25428.80177061729,2947.103151488994,8668.419124356195
445,20268.951651998297,27568.15958256497,9297.44035663463,27029.109970082172,3306.461560934346,9299.141926859462
446,22065.787256166044,29988.448701474772,10217.81159949189,29397.452578723,3712.8948237228174,10220.033199146948
447,23977.0746593493,32340.27885114443,11011.784867073622,31732.32807039693,3932.6897871580763,11014.308459266853
448,25728.022377998655,34194.748034993245,11497.649233661708,33612.248051621325,3929.4843211404764,11500.21401695656
449,27229.30623290291,35529.16250628717,11699.444413589232,34997.43318252437,3809.7564286553866,11701.851299908663
450,28358.343884011483,36399.65722567705,11696.433547439905,35923.22741822715,3678.267760813626,11698.586059825178
451,28877.039762555516,36704.28346438187,11535.906564030673,36278.54510648096,3555.765948406447,11537.795832944841
452,28544.76021216818,36202.88493225626,11242.075811056478,35824.513883952284,3408.9003248614176,11243.732838341091
453,27231.624869856994,34634.05827083448,10817.834809382119,34301.704731829836,3215.1049939787677,10819.266545327904
454,24872.139755848544,31742.10043465309,10177.663940602983,31453.503637616726,2969.130107308789,10178.793590820427
455,21362.41902966279,27277.69424208254,9104.250871246073,27032.644722100733,2636.21254827926,9104.90170472688
456,16655.56435885546,21198.92309862188,7376.501463994039,21006.201220324,2144.8074294075645,7376.463803264532
457,11118.538812090546,14101.156383799274,5061.079222937081,13976.478877467956,1477.6326414441255,5060.25302659754
458,5842.236926294231,7511.052930204156,2729.594914975265,7458.023933535955,791.4315289233577,2728.1271647567874
459,2460.817990657433,3557.075686052755,1320.72805123589,3542.3411772252166,417.46328285211746,1319.0319983199022
460,2370.0002906690233,3940.5009696834563,1619.8128010944936,3888.028892338277,673.7471380328499,1618.4150014430722
461,5799.0962587025315,8795.443180058455,3687.0408633582733,8615.310524925497,1602.8524802331908,3686.3253440775125
462,11460.00781286266,16320.77395402631,6692.447933559413,15959.198546581958,2859.1241062836157,6692.459819169174
463,17152.178062809868,23619.763067154356,9350.363726517213,23094.40644554569,3879.3799212280783,9350.812014965291
464,20979.373951458507,28283.873050460068,10681.248975605056,27674.686826935264,4239.565019923306,10681.714489452317
465,22339.994284604927,29649.953217882397,10558.557106116812,29048.98279223978,3929.7813824363293,10558.766354518348
466,22023.621998350547,28884.77985044111,9662.54894774495,28341.028087651568,3332.575497157995,9662.531516332934
467,21442.493973138866,27939.134165164207,8925.133155592323,27438.342465386355,2927.446476535723,8925.171243156727
468,21653.66640315861,28225.623968407155,8917.492371412316,27716.20706750588,2961.608140325638,8917.920427467801
469,22876.480617605932,29957.000506315828,9610.901718619478,29397.303335960874,3335.753116379404,9611.905210143948
470,24701.91746861649,32435.987562188086,10588.29434070821,31825.02432889342,3756.732563156209,10589.83007102339
471,26621.755054224588,34827.09672421506,11433.363524783594,34199.70183616379,3990.9211992972937,11435.219194640733
472,28363.010150072292,36703.09229180162,11964.607968872804,36101.50890838498,4001.9028070962772,11966.52820822073
473,29838.1056097231,38042.73331645476,12206.19279817099,37492.133772896115,3895.999209729921,12207.983600292351
474,30926.341684748717,38903.64241093775,12237.512606177834,38408.42772172867,3777.817929943187,12239.08217819501
475,31391.699314739926,39185.56661143953,12106.045405327148,38741.01450503986,3668.01428653502,12107.389129156094
476,30995.67612342427,38650.214869823576,11836.238841302205,38252.89529157291,3533.1868410450147,11837.391530127099
477,29610.438290280956,37038.099863275755,11431.26378711246,36686.56698535499,3350.7152277949103,11432.235770555531
478,27172.47567407883,34095.44109999609,10805.957575866883,33787.35214939003,3115.2877931749845,10806.674996459491
479,23579.90320305798,29574.828346975493,9743.467144476099,29309.90489713713,2792.1066736367,9743.755719930126
480,18787.720631076405,23436.049900344988,8023.176013606663,23223.010196353112,2309.6254130486973,8022.827974819791
481,13164.303804774987,16275.603868253696,5712.058072003031,16130.106831383908,1650.529415881588,5710.974743010045
482,7801.140747408175,9620.44073404313,3381.7278463415505,9546.045912916807,971.41394395893,3380.0571052456075
483,4332.328372127308,5598.732454487861,1970.6436604481146,5562.070614190427,603.2748334912627,1968.7992950030227
484,4153.639379834129,5911.714481348374,2264.013434074794,5836.77614187164,863.8872471538712,2262.5222352902533
485,7495.480139519046,10694.636730103613,4322.3496719215855,10491.548028613213,1795.7833794541207,4321.5955482140025
486,13072.228263185927,18148.974837976275,7316.555230777959,17764.003152753256,3053.558585450412,7316.582697655748
487,18686.563037527798,25381.369673433233,9962.09991169268,24832.205406425062,4074.4475304946773,9962.616747348742
488,22445.010844436656,29986.109090084967,11280.380569195602,29352.71463819012,4434.723856278531,11280.965759883242
489,23747.24707823826,31301.28031416919,11145.239936808879,30675.719965512442,4124.533535327138,11145.617666535223
490,23382.547873773485,30493.237353810167,10236.807857831196,29924.570342638115,3526.1977728107413,10237.005086715457
491,22762.036238327873,29511.540501112187,9486.685351557888,28985.61079707273,3118.931675794259,9486.981498657688
492,22941.83801154767,29767.869685243168,9465.950455549606,29233.22179894821,3149.840877483276,9466.677085740725
493,24141.040365150715,31474.890772868814,10146.124578545594,30889.995170499707,3519.7666225387834,10147.464145425933
494,25950.841991850884,33935.85166615712,11110.60575735808,33299.8236562662,3935.8558330678143,11112.511889704729
495,27863.18552912459,36315.76899850812,11943.528349148108,35663.52266610269,4164.744469127306,11945.785415123499
496,29604.872445379104,38187.45195759746,12463.66269480798,37561.30679984564,4170.143795922703,12466.011868594942
497,31087.79414553297,39529.257290419184,12695.294662111814,38954.473466122705,4058.407180350638,12697.538396499825
498,32190.639206641503,40398.240434320775,12717.883034926539,39879.318510862664,3934.1797215298134,12719.925941488224
499,32676.796221151297,40693.625429856926,12578.968719490285,40225.94389124771,3818.2178423353334,12580.802565029577
500,32307.093345305115,40176.64089499533,12303.056705497773,39756.86207756498,3677.262119953702,12304.71272510909
501,30952.854271638076,38587.28107586861,11893.370073388372,38214.04087732574,3488.8274976254893,11894.855120410772
502,28549.619316331067,35671.2028861644,11264.836667240967,35342.230209742665,3247.7248941678786,11266.073548130269
503,24994.570105583356,31180.405191108912,10200.761085435237,30895.479172557505,2919.298304310518,10201.57231676447
504,20241.712525600236,25073.907857092905,8480.67399474058,24841.781378548978,2432.1662140974986,8480.848721006798
505,14658.026747287546,17946.92491962031,6171.506566678048,17783.263989881663,1769.1357164450344,6170.943160870479
506,9332.90874718121,11324.38050638271,3844.507666159545,11232.731576885166,1086.793697107074,3843.3512789631172
507,5897.867389074924,7331.964480107066,2437.534827716866,7278.940217546731,715.9958821081226,2436.1968579978675
508,5746.397951849908,7668.836749027407,2735.285859833357,7578.412602548306,974.37831441455,2734.2911035629645
509,9107.893328367752,12469.53106498133,4798.21158034026,12251.810119399275,1904.5210182738747,4797.942281247371
510,14697.350640722927,19936.48165468833,7797.70614015468,19537.674895071214,3161.3335690570398,7798.2053235821195
511,20319.103088379838,27178.281030890026,10450.015005368929,26615.969418544548,4182.508501238841,10450.988986707236
512,24081.146448765117,31790.86476146846,11777.122501304415,31144.85277041034,4544.6656156489435,11778.148791885584
513,25383.448574438233,33112.6340923101,11652.931565883791,32474.808284299834,4237.988314726389,11653.732950415106
514,25014.309517413418,32308.858333669123,10757.134685893181,31728.112793063745,3644.5413823835584,10757.736943729817
515,24383.388065347946,31327.479447691316,10020.744170874405,30789.517758421927,3243.2000907896427,10021.425854611816
516,24545.84751300537,31579.116449555197,10014.479594689943,31032.352391916545,3280.881540676963,10015.571711981254
517,25720.80123646007,33276.47634229363,10709.88326407757,32679.23211200418,3658.4711971883285,10711.56793919382
518,27500.248366795855,35723.70834305378,11690.621790451696,35074.917799975694,4083.284054929127,11692.85245856182
519,29377.16605887811,38086.94923553956,12541.103292346297,37421.319639201065,4322.067368491185,12543.664205751402
520,31079.278673245786,39939.88965360319,13080.230759195705,39299.53135121864,4338.48899689111,13082.863027309
521,32519.329417190474,41261.5221704956,13332.298814644553,40671.50373849157,4238.743594320412,13334.804853975444
522,33576.99666121346,42109.55175626398,13376.743571604413,41574.20508604532,4127.306032882849,13379.027955902275
523,34016.86623816301,42384.04898927738,13261.104683716103,41898.60131802941,4024.8105367663215,13263.159118405874
524,33601.0416167337,41847.2563832634,13009.900162824752,41408.231592025855,3897.903148052893,13011.755800142084
525,32202.068703620713,40240.238604343016,12626.377492954662,39846.14936286921,3723.9867523395533,12628.041095923309
526,29756.68578666213,37309.7418674599,12025.540083934673,36958.21416726703,3497.739243584937,12026.934353310677
527,26163.33310878818,32808.85646910024,10990.844169250837,32499.586926383592,3184.385356315124,10991.791453966624
528,21377.219854561496,26697.513459163918,9301.96630861565,26439.187761473433,2712.444682227912,9302.255467677263
529,15766.093597812931,19571.286489064147,7025.794205854413,19379.517439179792,2064.5823136266854,7025.323199833755
530,10419.348301461956,12954.6483180252,4733.206497969752,12832.95329240197,1397.1161127617959,4732.120003155366
531,6967.883757597385,8972.281151810332,3361.447265506477,8887.285276265879,1040.5069793691396,3360.1562425883562
532,6804.7492369694155,9322.612800978624,3694.6792794522794,9198.355167106696,1312.0059050553334,3693.708167833761
533,10159.973516707136,14140.644713995209,5793.250512176318,13887.333211587964,2254.0063772779104,5792.981214022455
534,15750.608583338013,21630.767686317253,8828.985323801448,21194.734239116435,3521.5120689749183,8829.460385733071
535,21383.833944056943,28904.31436528032,11518.820484638378,28303.256956512472,4552.470047405342,11519.745469293872
536,25170.038688083445,33559.42648655522,12885.217219955774,32873.26623407606,4923.66210071008,12886.16858905868
537,26510.11686520903,34935.130569656554,12801.999435102654,34255.89727134297,4625.146239114237,12802.698737315593
538,26191.718462960922,34195.661782573945,11948.252433304086,33572.44935056466,4038.5913184230417,11948.724196683641
539,25623.043237931903,33287.124009318984,11254.198054335951,32705.9016005616,3642.418307413288,11254.719694029049
540,25857.967847985128,33618.57976843558,11289.962993036603,33028.073712335805,3683.267803576777,11290.864525848925
541,27114.974865240678,35402.00444634383,12026.843311584296,34760.865017486714,4062.0091972661317,12028.305977824013
542,28985.87521076855,37941.401580505946,13048.474927241521,37248.88581186101,4486.093818251052,13050.451337544026
543,30963.366482335856,40402.7140646604,13939.209607477715,39693.84999197032,4722.37761076565,13941.48323811587
544,32774.46755025426,42358.94431317285,14517.724002277999,41676.1779858553,4734.511815964481,14520.035257057269
545,34330.84664832584,43787.91096412958,14807.936269107,43156.67537730728,4628.588498494006,14810.086956009045
546,35510.967315775255,44745.938141951534,14888.85169127197,44170.95725749742,4508.997384761234,14890.74589167454
547,36078.15509056744,45131.71516969224,14807.581495623825,44608.62383921416,4396.363847108764,14809.210564832412
548,35793.10735431361,44706.09991179374,14588.215036261012,44231.83375794569,4257.380005421772,14589.609966992204
549,34526.71975928512,43208.68794682943,14233.573058925382,42782.171097862934,4069.5032686144427,14234.740702926887
550,32213.901177087395,40384.66688142851,13658.27946084695,40003.93476321378,3827.469474664246,13659.142888098188
551,28751.20721008678,35985.497049975354,12645.489034138838,35650.64703513444,3496.5976087250997,12645.871232749614
552,24091.832675537884,29969.26264631708,10974.579436878465,29689.360887985422,3005.542330361622,10974.27015023062
553,18601.043815332585,22929.140530030614,8711.964932972205,22720.152390092015,2337.0788326763486,8710.863267813807
554,13364.99744294437,16386.436547460973,6427.745499969803,16252.208264792533,1647.523687644963,6425.9976251697835
555,10010.80815643704,12462.190233680292,5058.171680826926,12369.663993518527,1267.22366002009,5056.190507431509
556,9928.007671874446,12851.582389659883,5386.526273269085,12725.107175722624,1513.3355276386478,5384.838700514614
557,13344.338800247619,17687.726311424212,7472.751321126425,17437.798266924285,2428.364309571924,7471.742153057215
558,18976.18030676642,25174.81038763104,10488.846672379965,24747.999195718803,3667.710086931391,10488.56163923396
559,24631.066117028655,32424.981452028827,13152.240265408638,31839.14916254828,4669.877986706417,13152.388242763762
560,28419.56315279197,37036.92847424788,14485.730515270106,36372.08769409889,5012.113496399642,14485.891361370877
561,29741.5900418101,38348.94267987166,14362.988383377047,37697.167428347755,4684.64613057409,14362.887207254882
562,29382.59310364853,37523.191149631544,13462.488692422816,36933.60142436092,4069.0379604453346,13462.15388037691
563,28748.137864285236,36503.257125965465,12713.734311082884,35961.83913235534,3643.5342005595453,12713.44751966008
564,28890.043719940626,36696.33632598757,12686.40882066391,36151.80640503675,3654.764186422273,12686.504673931215
565,30025.817958134237,38313.751147739655,13351.792768208576,37724.69269685676,4003.8306115391024,13352.457384138048
566,31747.18158175571,40659.83919821175,14293.804933248248,40025.36746003751,4398.552285064476,14294.995962267369
567,33547.105110503406,42901.23783347702,15097.13809891643,42256.169858664565,4606.104593146685,15098.64414309863
568,35152.91457568544,44611.560807389935,15580.723815997342,43998.083768627854,4590.310595141245,15582.290444070222
569,36476.67647353199,45769.16121061307,15768.668007012959,45212.419839052534,4457.324217028252,15770.102186087408
570,37397.56809247358,46431.09212913606,15740.190502256171,45935.49707240346,4311.589108157974,15741.4014126624
571,37680.027703479354,46497.16043563428,15542.697811133532,46058.002108294975,4173.834364327148,15543.681798629801
572,37086.147580407385,45729.70978729491,15200.648898134294,45343.54344233536,4010.883450333102,15201.44181131706
573,35488.38009666586,43870.086602067306,14717.305883630219,43535.42276467329,3800.3057462388174,14717.919279747228
574,32823.390462662144,40665.46254241134,14007.845484488696,40379.89559788901,3536.9244579414244,14008.206949396814
575,28989.78196507515,35869.50229790714,12856.111108268493,35632.66237075099,3186.1543225718547,12856.047877209006
576,23942.977083949347,29442.534078943627,11042.221984319542,29262.990399044895,2676.7590507773543,11041.527689598925
577,18050.271331454485,21979.646628589104,8633.201764922182,21872.838662382048,1991.5711003472545,8631.779000692648
578,12399.318595098797,15003.463370792973,6199.48821344347,14972.6951001112,1286.8270803083756,6197.486264809022
579,8618.357856491244,10635.996714972756,4677.479065896779,10647.671990893694,892.6563637260381,4675.313652568344
580,8098.437162403687,10573.880008897711,4850.732327935938,10551.826327810446,1125.9951788713777,4848.932861400379
581,11070.118309829852,14953.073170761345,6779.943507526151,14807.275658027269,2029.3123982275783,6778.896907588219
582,16254.22803617637,21982.282185373657,9638.441006891542,21658.78893053288,3258.23743653128,9638.194538588781
583,21463.736345792233,28779.122690913297,12145.279945769662,28295.24781501197,4251.6491396205865,12145.543270912587
584,24814.37404792967,32947.369473501116,13324.7040876833,32382.5594204843,4587.057374267185,13325.057050607847
585,25709.9190836525,33828.95091005791,13051.3009922631,33274.7270666563,4254.651274684818,13051.46797201872
586,24938.242828220085,32588.12334383295,12003.95532460454,32093.10158870009,3635.664190850865,12003.963409061125
587,23906.646264854815,31169.844388964146,11112.4117586496,30719.569604325,3207.936174307098,11112.540846207874
588,23668.951460258686,30983.030677380346,10946.80205421174,30525.827134641688,3217.8510320951227,10947.384567002706
589,24445.392789348953,32241.589898721948,11479.203616512314,31735.672010033355,3566.508254823651,11480.422974133333
590,25830.901838207108,34253.04376340038,12294.54271838064,33697.165713226226,3961.857975709844,12296.353320262233
591,27321.58040379722,36187.150870849815,12978.48193705593,35615.78431753898,4171.16174973845,12980.6685664827
592,28647.442141300922,37620.109067575824,13350.733346992885,37075.13391267135,4158.186506084623,13353.037208502046
593,29722.823608999017,38532.29846662004,13436.00669712767,38038.609067852514,4028.9277344194334,13438.2298802905
594,30428.95357088548,38982.492294258765,13314.037431712553,38544.30955114919,3887.6725420809994,13316.083755506499
595,30532.166959007318,38872.088775485834,13032.709024629761,38484.56642465206,3755.055130011269,13034.569031370176
596,29796.16729204703,37964.863242530904,12616.909055889018,37624.46578190921,3597.845359251624,12618.612417829188
597,28094.604798366097,36003.32596068436,12070.275201796672,35708.5186182403,3393.554915090759,12071.827010634073
598,25364.96555289001,32735.513506741234,11308.345386588006,32483.892670550318,3136.941373908841,11309.666536875937
599,21506.393356572327,27915.65006468457,10115.334456949877,27706.891694992686,2793.380041261402,10116.245292553873
600,16474.470662511576,21504.14936072562,8271.66190611376,21346.903503168018,2291.6272023269676,8271.948984218336
601,10635.911392732845,14095.35751466236,5844.397970802232,14005.174122587588,1614.4754450697158,5843.956689000555
602,5076.735817144124,7210.088019911947,3403.6377156686935,7190.417275023952,918.003995562742,3402.610175721791
603,1422.6858561614613,2967.7537810429653,1885.1328665611363,2985.194681177356,532.0672380503557,1883.9277834791385
604,1062.2482048849874,3062.4564172932683,2071.8167843620604,3041.0860245568247,773.342925814629,2070.9568529491075
605,4224.309292010544,7628.6437508128965,4024.1390553825368,7478.737029329901,1684.2451256662282,4024.0047602110653
606,9629.276976600197,14874.847723821025,6915.665810857628,14542.753832432003,2920.6325423654384,6916.298166450503
607,15090.36629623575,21919.173366758958,9465.906083397293,21422.494830778247,3921.7754304075456,9467.008599128669
608,18723.008582188497,26365.262357470616,10699.303077085791,25783.721277352808,4265.482358813568,10700.44956462207
609,19929.16027643022,27553.272638458326,10490.052920471016,26978.67693379712,3941.951739389312,10490.961994733952
610,19493.276800161235,26644.006443946946,9516.091094857364,26125.296378615436,3332.1517173967122,9516.784551148134
611,18818.452360371644,25578.170905607145,8706.005671263594,25101.260095629812,2913.5929231528035,8706.758741116753
612,18954.528277216705,25760.752374160707,8628.950791242776,25274.357150746582,2932.499839469244,8630.091906436086
613,20118.501829832447,27402.621643687744,9256.359775516179,26865.33854135358,3290.063551327574,9258.069013073462
614,21902.630356395643,29808.94630427162,10172.722673443779,29219.87990237859,3694.4669597801217,10174.951694449079
615,23800.400588092976,32147.205880906222,10963.237737291387,31541.14814199423,3913.163881968742,10965.76917689399
616,25538.963437539518,33990.972236339054,11446.98529109856,33410.11022189535,3909.973841802259,11449.558807913598
617,27029.62632700431,35317.682816638946,11647.90047687085,34787.218816162545,3790.8432374992744,11650.317226945877
618,28150.673745692686,36183.14909429794,11644.901385357838,35707.61227313848,3660.010623224984,11647.064862926043
619,28665.69376507148,36486.010696105994,11485.072088489916,36060.85240377161,3538.1200243446806,11486.973117499805
620,28335.754597183975,35987.49703083541,11192.519550762443,35609.458908819826,3391.9873236094736,11194.188706012188
621,27031.894954950854,34427.71319889569,10770.124737473487,34095.51479787096,3199.159333136785,10771.568653182227
622,24689.08482792557,31552.43193652567,10132.740502738954,31263.90189528834,2954.4124448002576,10133.8822454803
623,21204.173894115782,27113.775204342237,9064.000980809962,26868.79589554108,2623.1571877607803,9064.663639187267
624,16530.596484003923,21070.069175555018,7343.775070728103,20877.462852045464,2134.20605117292,7343.748445582128
625,11032.72169384018,14013.249159002935,5038.436163747433,13888.699720901397,1470.3633161364378,5037.619360720702
626,5793.7300316180845,7461.166112696435,2717.1056684802256,7408.227463897276,787.5894891849558,2715.6449939122867
627,2436.2233456936056,3530.0015048671626,1314.3747298058079,3515.3620737283127,415.4891160575647,1312.6836581306236
628,2346.0469242158883,3911.2134283060127,1612.1566325518777,3859.034247964415,670.4927257764942,1610.7631716548121
629,5750.888365465304,8738.139813352427,3670.3803214235336,8558.764183622523,1594.9567747753463,3669.6707032052414
630,11371.75736491447,16220.043174321196,6662.696041855128,15859.84843361255,2844.952476381217,6662.7172517590525
631,17023.660581208114,23476.908056132954,9309.033443945895,22953.46586717759,3860.111042813239,9309.494985424513
632,20823.77841548463,28114.09671199222,10634.120265978494,27507.04461534846,4218.496161202628,10634.601877159006
633,22174.7670979023,29472.287174318517,10511.961635950478,28873.32422863377,3910.2595556656415,10512.187829423236
634,21860.625982210564,28711.523796180387,9619.85549618896,28169.490118985304,3316.03677943637,9619.854032865476
635,21283.602369252807,27771.33001039281,8885.651040748695,27272.060509755145,2912.9313850245094,8885.703238349215
636,21493.274074413333,28056.16049848434,8878.04251955201,27548.299548297306,2946.9219324969026,8878.482971737036
637,22707.429825405816,29777.537782607644,9568.429950973843,29219.589808137483,3319.1970459694066,9569.444854724921
638,24519.94360201016,32242.209573258995,10541.56327280143,31633.151409174534,3738.0725022330166,10543.110242491213
639,26426.189060020977,34619.509748497076,11382.949443088506,33993.97778742261,3971.0903836992297,11384.816813782045
640,28155.11455782132,36484.66890083354,11911.877991199794,35884.68971988078,3982.0165268646747,11913.81081657987
641,29619.762842144723,37816.56900633964,12152.40886027647,37267.19909502942,3876.6415511978084,12154.213343126587
642,30700.28856280471,38672.50034498468,12183.590808532963,38178.142648671484,3759.050279518635,12185.175094496924
643,31162.343319323692,38952.78901243089,12052.69504552817,38508.78217504743,3649.7948127056707,12054.054179521883
644,30769.113252806084,38420.520042129036,11784.06274485278,38023.5011506411,3515.640634599336,11785.231084919385
645,29393.67007338249,36817.70475917745,11380.851009377593,36466.29854429615,3334.0804408626523,11381.83854353015
646,26972.95404483227,33892.0285759692,10758.268322538697,33583.98271471487,3099.829146059916,10759.00103143477
647,23405.802202673192,29397.510583697414,9700.406678544869,29132.639358896435,2778.2628304794207,9700.71007948041
648,18647.53386942693,23294.172206246796,7987.611153853412,23081.236445217248,2298.1926780298545,7987.276938898208
649,13063.918298599388,16175.068133665678,5686.5639924165325,16029.694440763544,1642.3907080087383,5685.492618434263
650,7738.71748323939,9558.332026164904,3366.3887973348847,9484.030048463064,966.6695257353945,3364.727455764466
651,4294.459649574829,5559.845911324246,1961.4539462962052,5523.289017755494,600.3704576475657,1959.6166397929735
652,4117.034128828144,5871.019151132394,2253.5448955276597,5796.390931364126,859.6800465373896,2252.0598615460867
653,7435.213064878044,10626.31799354955,4302.9098346446945,10424.010708062619,1786.9175918849578,4302.163183712459
654,12972.473526935113,18037.60248603707,7284.064642108602,17654.042684226384,3038.4048461030234,7284.102750666003
655,18547.051174875996,25228.22258601241,9918.077572688393,24681.010308601755,4054.189707983028,9918.608727004841
656,22278.879871936962,29806.361016707364,11230.61106272382,29175.143973169026,4412.664282421289,11231.213169604143
657,23571.887697405502,31113.929728954226,11096.058195413128,30490.425136354803,4104.024102030269,11096.453449528883
658,23209.763721066247,30310.547684156718,10191.584653121237,29743.651202461857,3508.679198840762,10191.798199158025
659,22593.63914474054,29334.515148680115,9444.730807108861,28810.1633501576,3103.4488292134747,9445.041194199359
660,22772.16044428018,29589.35755475281,9424.08520959941,29056.323623669705,3134.2030257026454,9424.824159557005
661,23962.862411189275,31286.511520084714,10101.293168354385,30703.42441277299,3502.2786407410463,10102.64387900067
662,25759.838242660302,33733.249163367465,11061.568619393764,33099.18579432372,3916.286782513098,11063.485545981735
663,27658.62859878908,36099.410465531844,11890.858797155368,35449.085883591084,4144.030302623012,11893.126958565748
664,29387.970002739745,37960.27267920939,12408.724181819032,37335.788800270784,4149.402013282989,12411.085193128636
665,30860.37813796623,39294.31789847285,12639.344867129757,38720.81807771542,4038.2235407301,12641.601408324597
666,31955.401170818088,40158.27222661122,12661.833305937942,39640.258064003865,3914.6167229162284,12663.889945129966
667,32438.104235065384,40451.94226022962,12523.523198230114,39984.85233401988,3799.2341855387067,12525.371383359496
668,32071.010451130194,39937.93660734701,12248.812744933479,39518.4996672627,3658.9828371840968,12250.483274016065
669,30726.3559232166,38357.75239203835,11840.911019614929,37984.674273444114,3471.4900864468814,11842.410422190667
670,28340.138552825345,35458.516891307976,11215.116852824405,35129.61644637069,3231.5928262273214,11216.367790870256
671,24810.26941471916,30993.66288750708,10155.679800992091,30708.81159040972,2904.808409745014,10156.504607499355
672,20091.08132805157,24922.44800679669,8443.092043567724,24690.44108929395,2420.1123934675247,8443.279340352026
673,14546.955121152288,17836.647443821625,6143.993111399661,17673.11850929427,1760.3979381449576,6143.440419630397
674,9259.567744357313,11252.372934602428,3827.140988166939,11160.818591930214,1081.4687553911072,3825.992786333621
675,5848.866004420807,7283.028611064201,2426.3033337950856,7230.104338134161,712.5255796980687,2424.9712491852642
676,5698.467946455343,7617.952175267874,2722.7555851861352,7527.826844932242,969.6153944609201,2721.765872740368
677,9036.137769209883,12390.897204899251,4776.684348984825,12173.940521834924,1895.104937097395,4776.421466047076
678,14585.97687798527,19814.685372326156,7763.096905720279,19417.26812513398,3145.6298417674766,7763.605749042355
679,20167.87887829716,27014.620797281696,10403.837279849895,26454.234345322417,4161.695595845169,10404.824682362196
680,23903.2501952872,31600.535869728705,11725.155473857305,30956.67087441915,4522.040245248794,11726.197875923779
681,25196.313604228715,32914.657904749605,11601.50485497092,32278.854833808073,4216.896600058745,11602.323059507718
682,24829.78335899995,32115.521876977058,10709.613809371407,31536.51230433095,3626.418187495152,10710.231786970373
683,24203.3267083528,31139.809781642005,9976.434035740851,30603.391027482896,3227.084416343978,9977.129474943215
684,24364.626837850406,31389.985538101177,9970.195634516182,30844.801241269866,3264.5768462952115,9971.299705069177
685,25531.242990824685,33077.52564971035,10662.564797099347,32482.057712446964,3640.276682745177,10664.260372034056
686,27298.06606476274,35510.60166508275,11639.02399374631,34863.74678032319,4062.963311511048,11641.265338724128
687,29161.66755155088,37860.171224942744,12485.794155390033,37196.43883254706,4300.551155484425,12488.366177031485
688,30851.702287266453,39702.38997194833,13022.568324087117,39063.67402200118,4316.8899672174875,13025.212575991029
689,32281.532354045954,41016.37225491323,13273.53524491044,40427.62565020832,4217.643073909571,13276.054373870016
690,33331.68956698954,41859.48968300815,13317.784582397566,41325.04640186153,4106.762563902372,13320.083121686315
691,33768.42951099329,42132.39097729511,13202.648659814706,41647.539308861524,4004.779401195491,13204.71799897258
692,33355.54329356999,41598.69391861087,12952.53857642144,41160.02499843462,3878.506551001964,12954.409433666957
693,31966.481490283968,40000.96110213188,12570.687693729406,39607.058243256375,3705.460005275569,12572.366511510329
694,29538.431941124556,37087.404020313545,11972.470309081276,36735.98371600754,3480.344316212745,11973.879647126805
695,25970.556148542815,32612.54175798614,10942.287540944426,32303.393347271056,3168.558297571129,10943.249568340165
696,21218.382024040115,26536.538049425417,9260.777423988577,26278.389771839247,2698.979361722092,9261.08048111605
697,15647.049718218801,19451.52278151082,6994.536028764896,19259.95504339735,2054.3594411205627,6994.0772287781565
698,10338.226355476418,12873.15164801034,4711.951173333301,12751.631789918918,1390.2340105342337,4710.874525078604
699,6911.242269126516,8913.816797151492,3346.1771905175087,8829.012354067994,1035.409771207715,3344.8938881987942
700,6749.262643788942,9262.119947718114,3677.954680539063,9138.262820636857,1305.549446532519,3676.9906279316456
701,10080.681393367553,14052.279019649077,5767.367688216283,13799.842890853111,2242.834018696346,5767.107006765028
702,15631.64942840724,21499.069515340747,8789.854077947462,21064.545073793503,3503.9939831307383,8790.341191543426
703,21224.902230662054,28730.53364381106,11467.949651544763,28131.528026580898,4529.790097970279,11468.890646341011
704,24984.23613915935,33358.70867901525,12828.381889014296,32674.82774923266,4899.1231008517525,12829.352161755154
705,26314.79785835763,34726.446749906994,12745.525812964619,34049.37258216694,4602.101073371336,12746.24493640966
706,25998.65051800626,33991.24910067909,11895.503427666494,33369.911293963945,4018.482230556309,11895.994126767588
707,25434.002550283138,33087.96097106563,11204.476879984031,32508.420458642257,3624.2922393975546,11205.015711121961
708,25667.252041251828,33417.49204405625,11240.084426729862,32828.702915482165,3664.9366577662904,11241.001573570627
709,26915.33032137844,35190.590417798354,11973.747166715893,34551.36043840963,4041.7810521479087,11975.224622412661
710,28772.944336113018,37715.28612461624,12990.918142286417,37024.83285046957,4463.741509133546,12992.909351205117
711,30736.391639670866,40162.34801847243,13877.763309820026,39455.49928641533,4698.841432771591,13880.052404775524
712,32534.6285344202,42107.24953960835,14453.750852895713,41426.2325799782,4710.914171986066,14456.078682916625
713,34079.95037935797,43527.93799317927,14742.694628048464,42898.06769058174,4605.520598887356,14744.86323108505
714,35251.68364019548,44480.411855915554,14823.255135232494,43906.41183598315,4486.527709398765,14825.168550355853
715,35814.83424177714,44863.9470647487,14742.33801275296,44341.510850899744,4374.457587105879,14743.987275881791
716,35531.79889339642,44440.78590115137,14523.9275072434,43966.91406289978,4236.169164455243,14525.343171758865
717,34274.39054700293,42952.03161501184,14170.83209717734,42525.7167181123,4049.232765528787,14172.020686984144
718,31977.98106918904,40144.34732448658,13598.048456330916,39763.713221534235,3808.410616173958,13598.932891048771
719,28539.861435289982,35770.63277154908,12589.6781686453,35435.8676417374,3479.19543421632,12590.081245039559
720,23913.559817150188,29789.215720237076,10926.062272837362,29509.426538085638,2990.599280071298,10925.773201923888
721,18461.750011757278,22789.840296925624,8673.3252862967,22580.95850821059,2325.4836984307854,8672.242311363774
722,13262.877148794303,16285.006330084503,6399.078215602456,16150.826852477234,1639.3823211901458,6397.346819701773
723,9932.50151790733,12383.474227536664,5035.48364465257,12290.98062581095,1260.9871031559067,5033.516951629088
724,9850.285711330878,12770.609377838744,5362.403909965259,12644.34268996296,1505.8658899030675,5360.730260391754
725,13242.352264592964,17578.75184130463,7439.518737831596,17329.47353841857,2416.310485009062,7438.5251297238865
726,18834.192893518888,25022.484484935234,10442.442970549979,24596.922854609307,3649.447042535356,10442.176983911204
727,24448.910779701448,32230.672821888053,13094.20492805816,31646.5992208279,4646.593598607879,13094.375932383735
728,28210.492453031362,36815.909697999225,14421.870471759055,36153.02195194425,4987.113784095928,14422.057228758362
729,29523.120458261197,38120.31938331956,14299.662694461947,37470.344585748455,4661.286361747877,14299.588303909914
730,29166.66426150108,37299.34145364157,13403.093939852803,36711.23641023071,4048.761929701678,13402.784949981691
731,28536.706658864958,36285.30580385926,12657.607993205927,35745.149937605005,3625.3895668476107,12657.34516544008
732,28677.59552283577,36477.25939700405,12630.400383405615,35933.99856313731,3636.562741622536,12630.518471161291
733,29805.292277073906,38085.30012436083,13292.876842525842,37497.67726723618,3983.879509740712,13293.562678216127
734,31514.417551127277,40417.79349988231,14230.773176104472,39784.88672940679,4376.622644164286,14231.985204873065
735,33301.54356110674,42646.2028270558,15030.596001613269,42002.63160971796,4583.134225779183,15032.123442751397
736,34895.933579677214,44346.61140534222,15512.06778659733,43734.34695951163,4567.418690785734,15513.656614737176
737,36210.27905991462,45497.498019006736,15699.189270011528,44941.5700566261,4435.098082075822,15700.64664324756
738,37124.616046437215,46155.58563054591,15670.834349086848,45660.40775474159,4290.092673612167,15672.069367127762
739,37405.057020178276,46221.26175369994,15474.202529053291,45782.186514414185,4153.027678298258,15475.211180968257
740,36815.385419173355,45458.24701635827,15133.645989145303,45071.89821816022,3990.8928341665123,15134.463648249868
741,35228.96080783171,43609.38662731917,14652.412649045407,43274.34694628167,3781.369955621282,14653.050510498262
742,32582.89940058356,40423.31750031627,13946.049821653893,40137.27353660217,3519.3082167560465,13946.435288742718
743,28776.526071130906,35655.13216619922,12799.345291123138,35417.80867870059,3170.295731357564,12799.305377900228
